<?xml version="1.0" encoding="UTF-8"?>
<project-private xmlns="http://www.netbeans.org/ns/project-private/1">
    <editor-bookmarks xmlns="http://www.netbeans.org/ns/editor-bookmarks/2" lastBookmarkId="0"/>
    <open-files xmlns="http://www.netbeans.org/ns/projectui-open-files/2">
        <group>
            <file>file:/C:/Users/LENOVO/Documents/NetBeansProjects/cs/web/viewservice.jsp</file>
            <file>file:/C:/Users/LENOVO/Documents/NetBeansProjects/cs/web/ure.jsp</file>
            <file>file:/C:/Users/LENOVO/Documents/NetBeansProjects/cs/web/del.jsp</file>
            <file>file:/C:/Users/LENOVO/Documents/NetBeansProjects/cs/web/vba.jsp</file>
            <file>file:/C:/Users/LENOVO/Documents/NetBeansProjects/cs/src/java/Efficient/mail.java</file>
            <file>file:/C:/Users/LENOVO/Documents/NetBeansProjects/cs/web/vb.jsp</file>
        </group>
    </open-files>
</project-private>
